Method,Accuracy,NLL,ECE,Brier
NoTS,0.285,1.4379206108433205,0.08129359996486325,0.7670288878767852
TS,0.285,1.3921339422622956,0.03255133581792539,0.7515551023689371
