Method,Accuracy,NLL,ECE,Brier
NoTS,0.3,1.415459666761934,0.06445435627103137,0.7571238608449491
TS,0.3,1.3853833144782297,0.028934450645075202,0.7474090655863208
