Method,Accuracy,NLL,ECE,Brier
NoTS,0.46875,2.4393108575421554,0.3560645422391747,0.829241311232068
TS,0.46875,1.2045979620271643,0.049136773141772595,0.6485546933451042
