R_target,tau,cov_cal,risk_cal,n_cal,cov_test,risk_test,n_test
0.19833333333333333,0.8050638997833066,0.3225,0.13178294573643412,129,0.3283333333333333,0.09644670050761417,197
0.24833333333333332,0.7293130454776886,0.415,0.1506024096385542,166,0.43,0.12790697674418605,258
0.29833333333333334,0.6436252920331208,0.5125,0.17560975609756102,205,0.535,0.15264797507788164,321
0.34833333333333333,0.551600965224585,0.6525,0.210727969348659,261,0.6566666666666666,0.18274111675126903,394
0.3983333333333333,0.551600965224585,0.6525,0.210727969348659,261,0.6566666666666666,0.18274111675126903,394
