Method,Accuracy,NLL,ECE,Brier
NoTS,0.6975,0.9352004621996531,0.22509179826128245,0.4973551954924187
TS,0.6975,0.801458639840578,0.08585554679210096,0.4271836406051757
