R_target,tau,cov_cal,risk_cal,n_cal,cov_test,risk_test,n_test
0.15368421052631573,0.7061934690141611,0.42,0.19047619047619047,21,0.33263157894736844,0.060126582278481,316
0.20368421052631572,0.7061934690141611,0.42,0.19047619047619047,21,0.33263157894736844,0.060126582278481,316
0.25368421052631573,0.7061934690141611,0.42,0.19047619047619047,21,0.33263157894736844,0.060126582278481,316
0.3036842105263157,0.7004644595927277,0.44,0.18181818181818177,22,0.35157894736842105,0.06586826347305386,334
0.3536842105263157,0.5082357327557034,0.76,0.23684210526315785,38,0.7357894736842105,0.16165951359084407,699
