Method,Accuracy,NLL,ECE,Brier
NoTS,0.74875,1.2580661725281772,0.17374267406877408,0.4209038292117478
TS,0.74875,0.7096896346013463,0.05755082968290763,0.3665444483256591
