Method,Accuracy,NLL,ECE,Brier
NoTS,0.4633333333333333,2.498549446298456,0.3666311477585845,0.8486571874588598
TS,0.4633333333333333,1.220038776508728,0.05443058571725536,0.6547257787125528
