Method,Accuracy,NLL,ECE,Brier
NoTS,0.74,1.2563651298834513,0.1787306813897855,0.42238539048532775
TS,0.74,0.7048486840541064,0.038279005869529106,0.36565272164793533
