Method,Accuracy,NLL,ECE,Brier
NoTS,0.295,1.4222790249282675,0.07012044714903622,0.7596276971277446
TS,0.295,1.383374480784318,0.032711406388492556,0.7470427954315348
